log_gdp,unemployment,youth_pct,internet_pct,polity,prev_events
0.007470721623791046,0.1515027656304723,0.23720634811990943,0.4241475883571123,0.38742264831389356,-4.809712396114069
0.0024928349753927568,0.20239341549366185,0.25751035788933174,0.40265812017616437,0.3677990752008563,0.20791263960147244
-0.01027731014552969,0.26725279009648534,0.2512594858567761,0.4428459003633659,0.3751896921160144,0.20791263960147244
0.008137813271687246,0.1870519852066337,0.22783157061193335,0.4204561606191701,0.3479074075272556,0.20791263960147244
0.01641008217368444,0.19881245829642236,0.23810721457445408,0.4461164284505867,0.36089972412123733,0.20791263960147244
-0.016657265733733696,0.32529809016035394,0.25816054866077526,0.443026662678413,0.4032551977028609,0.20791263960147244
-0.012562187993808831,0.18303682661001439,0.298070464339351,0.435683930900632,0.3643350182841571,0.20791263960147244
0.017509896757340326,0.23853498968860665,0.2688752266390122,0.41728316802750925,0.3833021150834106,0.20791263960147244
-0.010733341628446004,0.3717733545546642,0.22213616907799905,0.4257172163396143,0.3855298814501497,0.20791263960147244
-0.0049799154169085594,0.22324541241365164,0.23280705426713347,0.43043011621533767,0.3899994690527742,0.20791263960147244
0.0029577915155765077,0.20510878563662613,0.25860390463874544,0.4212148498015938,0.39017492267939236,0.20791263960147244
0.004441571310990418,0.15449943895722304,0.25007353720070963,0.407204738303228,0.361248841601387,0.20791263960147244
0.0055401178099888935,0.2808601358506534,0.2491181216671721,0.4178809272743009,0.3353138906743562,0.20791263960147244
0.006703769625823043,0.19853147633270923,0.28034088958990677,0.42229454792363214,0.3676814885008293,0.20791263960147244
-0.002707359675068697,0.30209147020741556,0.26917212847070665,0.4460929270151384,0.3865320082006804,0.20791263960147244
-0.003324783136007136,0.3975591255025666,0.18194064035862353,0.4093260986325736,0.41052256064411374,0.20791263960147244
-0.005420998940901395,0.259415415766968,0.23484755724333478,0.4190615049360167,0.37169317845118727,0.20791263960147244
-0.005656076387246775,0.26723855596850116,0.2369035465435239,0.43469310101726116,0.39226537449868526,0.20791263960147244
0.006487590338141799,0.07118548823882129,0.2669742067069475,0.4197911700650909,0.38749508964848106,0.20791263960147244
0.00789634812968838,0.2211582179454659,0.23850201377308905,0.42003288044999426,0.39813957191628174,0.20791263960147244
-0.0021678349175201805,0.24443330606951866,0.23702677078882034,0.42780460846151597,0.3679793560835937,0.20791263960147244
-0.0047257598006840915,0.260919681178211,0.255814779716635,0.41254244416399133,0.38038966519957773,0.20791263960147244
0.005229930998927991,0.28258447953770827,0.26911838534466453,0.4234905550843925,0.3899205500246481,0.20791263960147244
1.2690926596366323,-0.30492475694809057,-0.5959944597648253,0.8943280077800831,0.7534972254287767,-4.809712396114069
1.2726270289919273,-0.2232922686164979,-0.595117970326545,0.8891969111916276,0.7576635888435622,0.20791263960147244
1.2744831894295647,-0.2594012166145424,-0.635555030799853,0.9058406086274045,0.7309299382587637,0.20791263960147244
1.2793252273146565,-0.44264855324268554,-0.6132103413260516,0.9329605094673697,0.751330553079088,0.20791263960147244
1.2907233551830617,-0.4766841863689038,-0.6114871380678345,0.8827508329434539,0.7595538127755131,0.20791263960147244
1.2768266381294266,-0.37165325659341597,-0.6288750079666694,0.9073104612143038,0.7595538127755131,0.20791263960147244
1.2870373375919575,-0.34073095500997774,-0.6105578559443992,0.9159973293688822,0.7595538127755131,0.20791263960147244
1.2910210038239618,-0.45306297242515053,-0.6212233974827134,0.8974735177888965,0.7572314624357196,0.20791263960147244
1.2886580258713507,-0.32953574229683835,-0.6008555302553735,0.917603221863829,0.7595538127755131,0.20791263960147244
1.2794241733943759,-0.3340671889783145,-0.587352283439832,0.9149054294771887,0.7470920269353877,0.20791263960147244
1.2892206175462717,-0.44915539223415424,-0.5746098976689068,0.9160399368094541,0.7308493761494892,0.20791263960147244
1.280109757403073,-0.43368988821661836,-0.6354373663593655,0.91200792827477,0.7595538127755131,0.20791263960147244
1.2827895622461007,-0.34527388576801654,-0.6170141839812446,0.9251565181789402,0.7595538127755131,0.20791263960147244
1.2782816414999192,-0.4300935507420184,-0.5988800007101887,0.9222335852730988,0.7358371104654207,0.20791263960147244
1.289631369255438,-0.3325651462677034,-0.5699718789557013,0.9429834995728447,0.7595538127755131,0.20791263960147244
1.2696367254255236,-0.5414938952656209,-0.7025417636868884,0.9292224637540816,0.7595538127755131,0.20791263960147244
1.2887269705524265,-0.3351587301553053,-0.6118449859537628,0.9255145373323913,0.7595538127755131,0.20791263960147244
1.287303468926912,-0.28490617814101876,-0.6039112943919398,0.9134112271602286,0.7595538127755131,0.20791263960147244
1.2754531675485306,-0.37516265589022624,-0.5948365989655395,0.9160082475677168,0.7595538127755131,0.20791263960147244
1.2953179104299384,-0.3551565388810509,-0.597295440684725,0.8972348990578951,0.7595538127755131,0.20791263960147244
1.2791278468335896,-0.38233226391109715,-0.606713383393311,0.948912935158094,0.759143101199568,0.20791263960147244
1.3002697852934293,-0.5067256405864224,-0.6078114878415249,0.9029193616204779,0.7595538127755131,0.20791263960147244
1.2850641022986127,-0.3056409395433541,-0.5583596021708875,0.9406543709564571,0.7075426720220538,0.20791263960147244
-0.36063634007212103,0.6856280381741716,0.6419695139010299,-0.12023244426341657,0.3538968633507548,-4.809712396114069
-0.3551747402994171,0.9336248286310896,0.6237804259053291,-0.14306650171957197,0.3751285950556945,0.20791263960147244
-0.35859877966136416,0.9034774429565265,0.683084452467651,-0.10403957516988821,0.38703808588166655,0.20791263960147244
-0.3574792430050712,0.9920095664434087,0.59188093645548,-0.14167238188829723,0.3622431991782563,0.20791263960147244
-0.3675456873812312,0.9803447992888386,0.5955543080332805,-0.13807355120587697,0.37343014661307355,0.20791263960147244
-0.35823587833504317,0.9224252293072359,0.6764539685509571,-0.10896506289704914,0.3641689698762627,0.20791263960147244
-0.361405607626684,0.955676983359477,0.5780344005328327,-0.1216214943062614,0.37063408576306417,0.20791263960147244
-0.3568617326135473,0.9131399790380983,0.5916017174136102,-0.09462608265408712,0.34476815145448114,0.20791263960147244
-0.36395919648451125,0.8573940323464764,0.5891807022524991,-0.14344945906300396,0.38038373560489097,0.20791263960147244
-0.3666405026389696,0.8973971986638486,0.6123091087888753,-0.11467346487517995,0.34963746647127136,0.20791263960147244
-0.3694226106674559,0.8451522595938141,0.6139543393073886,-0.144268550334819,0.4028179004590454,0.20791263960147244
-0.3723421396975747,0.9591655232013768,0.6066469796860711,-0.15455798418861602,0.37644632766721337,0.20791263960147244
-0.3694345418235512,1.0363838501777758,0.627919562397988,-0.13971400477939658,0.3876699984476333,0.20791263960147244
-0.3637748999003538,0.8679108914888961,0.6017008529228591,-0.14679224567374918,0.3695271663908199,0.20791263960147244
-0.366224071207479,0.8902986417187546,0.6206228575456912,-0.12236212980287008,0.37636868361718945,0.20791263960147244
-0.3598187035885595,0.8345702606811948,0.6395171724100331,-0.09756022559937594,0.3935236393408362,0.20791263960147244
-0.3650341661726289,0.7509095833245143,0.636607826092438,-0.11708911063386687,0.36919656031413,0.20791263960147244
-0.36601799003559626,0.8387792622381689,0.5440646077696017,-0.10962737480238892,0.37040657820709233,0.20791263960147244
-0.35619714957966675,0.9734966594576295,0.6295822559001951,-0.09451624384589048,0.36520371134288643,0.20791263960147244
-0.35671910593789674,0.7145906477884637,0.6220936812317084,-0.13854436501417383,0.37977580832949287,0.20791263960147244
-0.3767557835816159,1.0076298999690725,0.5762118144687335,-0.10946563663266039,0.3478716723709505,0.20791263960147244
-0.3596782954193278,0.8317048031786131,0.6118238721863565,-0.15232086939979136,0.3800348825143185,0.20791263960147244
-0.364121753171149,0.9146326803718197,0.6472303640236327,-0.15008257367807967,0.3956309570605447,0.20791263960147244
1.1892881394616137,-0.4310429919534556,-1.011323938220487,1.0620516087105527,0.7520102423643038,-4.809712396114069
1.2060254267304014,-0.26554913984548933,-1.0470653952993416,1.08472023384491,0.7595538127755131,0.20791263960147244
1.2038871483162183,-0.3698275860976099,-1.0145131536870486,1.0781291444781809,0.7595538127755131,0.20791263960147244
1.197950614116613,-0.22605134030369245,-1.0344191783114718,1.0561810983143807,0.7344801962060499,0.20791263960147244
1.164898645242875,-0.34430623832199186,-0.996538682838232,1.0928999987552714,0.7571100837975683,0.20791263960147244
1.1946174570579773,-0.2629692367965908,-0.9583514714486213,1.0978994108498492,0.7595538127755131,0.20791263960147244
1.1903763743429816,-0.3530193188113728,-1.0819521425314595,1.0798533096151994,0.7595538127755131,0.20791263960147244
1.1860379354726813,-0.15064423246343872,-1.0700063861686397,1.0576434853737018,0.7342864133543078,0.20791263960147244
1.1928610203031156,-0.09692416461103633,-1.0254866027228149,1.103973367253213,0.7267748045297817,0.20791263960147244
1.1933596872189505,-0.30464650043997027,-1.065855627914683,1.0736356053375922,0.7595538127755131,0.20791263960147244
1.1873406567911324,-0.33289672825609407,-1.0552001565114357,1.0906775984208097,0.740398833599946,0.20791263960147244
1.189523147975813,-0.4000257583099173,-1.0896650287701144,1.0822826339741183,0.7595538127755131,0.20791263960147244
1.1940619211100783,-0.3359507959345247,-1.016754457548295,1.0705569421151886,0.7573972142222113,0.20791263960147244
1.178985591217088,-0.4033491447603196,-1.0598567267592736,1.1112983330939084,0.7580646430452463,0.20791263960147244
1.2041070488361865,-0.2833999615509589,-1.075906527646052,1.0616381217578035,0.7595538127755131,0.20791263960147244
1.1880496638186764,-0.15417332516813528,-0.9956752015728193,1.0628399147118108,0.7595538127755131,0.20791263960147244
1.1760565013684152,-0.44170828154049424,-1.065312871690011,1.0799839896038737,0.7595538127755131,0.20791263960147244
1.1959140570959181,-0.3625731046532391,-1.0408889525607128,1.0647266198533176,0.7543789983233049,0.20791263960147244
1.1788265719996889,-0.3096295392778418,-1.0056954836018512,1.0487401198015531,0.7595538127755131,0.20791263960147244
1.1972833928959377,-0.42824105386709616,-1.0501853741140226,1.0886583022678742,0.7595538127755131,0.20791263960147244
1.1929706066874335,-0.40450454054830365,-1.0218349745060622,1.0619387010352805,0.7595538127755131,0.20791263960147244
1.2077528192195552,-0.3712917055178156,-0.9989706709417048,1.1031281923945275,0.7440613849716063,0.20791263960147244
1.1861116562885343,-0.21508986875048738,-1.0524630487236644,1.0811979087242163,0.7595538127755131,0.20791263960147244
-0.0016774310536025962,-0.5884751466573627,-0.8764830738516195,-0.6835166684883647,-2.4852323811564543,-4.809712396114069
-0.01071054607863328,-0.4153826348639616,-0.8672334474256316,-0.7097601663069782,-2.4903529185375484,0.20791263960147244
-0.013302996574070651,-0.4518339124766727,-0.8984557195805798,-0.6774501973618465,-2.499550748281775,0.20791263960147244
-0.013770400087853329,-0.4203942110586733,-0.8727975745717502,-0.6840865085411456,-2.491507743515538,0.20791263960147244
-0.023288562963090034,-0.4224814485091615,-0.8558440824530856,-0.7152509346911621,-2.497447402308748,0.20791263960147244
-0.0011535800237916477,-0.5803996851854536,-0.8674564211721029,-0.6836389667719025,-2.5147601539463182,0.20791263960147244
-0.012714778888488374,-0.3459572391738617,-0.8529200515256962,-0.69413935210489,-2.4658594587757907,0.20791263960147244
-0.018964201332719862,-0.6267480970058616,-0.8096512246358591,-0.6974421517089185,-2.511016486566747,0.20791263960147244
-0.01798494138589728,-0.33641149650664354,-0.9226352347029241,-0.696013824487379,-2.489260665339083,0.20791263960147244
-0.015668683622234888,-0.45769877342171356,-0.9070304183403798,-0.7198362597675906,-2.4604143460465875,0.20791263960147244
-0.0037513768606836214,-0.4250155184176079,-0.8607054735092355,-0.6825108305621268,-2.4970491486223767,0.20791263960147244
-0.009843583044937656,-0.35969614409667394,-0.8118465889708626,-0.6963471569580838,-2.49556803574081,0.20791263960147244
0.004690040221606479,-0.48387677298600934,-0.8947464401481672,-0.6823250611599033,-2.4843200253854594,0.20791263960147244
-0.010471773271934865,-0.33226259871138103,-0.8668677447357452,-0.7017898454485004,-2.486553250320244,0.20791263960147244
-0.020883543483537874,-0.4186414543033934,-0.8654686792367756,-0.7091316170289623,-2.4780153416271697,0.20791263960147244
0.0014160437442603101,-0.40114803822050243,-0.8713055691586988,-0.6633900836325983,-2.4741595671411147,0.20791263960147244
0.0007296841159410119,-0.3010277910958902,-0.8332774164345476,-0.7091319006461754,-2.4892889579263238,0.20791263960147244
-0.00307931766218556,-0.23287155891958952,-0.866075846335497,-0.7175105533911208,-2.489280067612872,0.20791263960147244
-0.007736147884812744,-0.5070582359116761,-0.8650480766153884,-0.7113750301004791,-2.4979979943350106,0.20791263960147244
-0.001380066461284154,-0.33124251359843904,-0.8544454060020427,-0.7182346778275137,-2.511990463871723,0.20791263960147244
-0.015924700967119614,-0.4272989579143199,-0.8438291556791198,-0.6706848639340159,-2.5178981268348943,0.20791263960147244
-0.002786446354135286,-0.3583278052315663,-0.8809259334443287,-0.7041010551291491,-2.4806598565409668,0.20791263960147244
-0.019588074126176303,-0.5999072624594733,-0.8219110626738527,-0.6900514678421221,-2.4863439964799436,0.20791263960147244
-0.882879146280885,-0.03731891234960485,1.4138644166056795,-0.9323327521437457,-1.7278741984508852,-4.809712396114069
-0.8862713181217099,-0.08436196384023663,1.4741752106037795,-0.9241140963567599,-1.704082178219158,0.20791263960147244
-0.865241332562437,-0.018659390251302338,1.4022957634146673,-0.9142566029083882,-1.737582356418477,0.20791263960147244
-0.8707101352925716,0.12341379366762575,1.4258114520970662,-0.9093882196110489,-1.7392803621865998,0.20791263960147244
-0.8786879448055696,0.014664764159368128,1.441646646566629,-0.9257607572794133,-1.7152345898136634,0.20791263960147244
-0.8549595412602758,-0.03337230567215379,1.442966997915446,-0.9405545355023,-1.7446574527247583,0.20791263960147244
-0.8735974364183492,0.00654523470798856,1.4479494484522035,-0.8913913454513702,-1.6986594089192024,0.20791263960147244
-0.8670006156479358,0.08037053467564176,1.4335441906790334,-0.9303780307654395,-1.7361727346620155,0.20791263960147244
-0.8762245821026892,0.12320209703409853,1.4351470232677386,-0.9079907998974948,-1.7199552433404641,0.20791263960147244
-0.8783463906977046,0.09891157811509531,1.460393692389576,-0.9177267144221504,-1.7231596230507686,0.20791263960147244
-0.88749913010625,-0.1240921476550147,1.4727165776434936,-0.9152690516031982,-1.7145178016559124,0.20791263960147244
-0.8597115391184309,0.049718947647436965,1.489718588689991,-0.8968828134707569,-1.7162308774509658,0.20791263960147244
-0.8698900632786454,-0.03871223637230698,1.459657655314914,-0.9472590969546354,-1.73552246121319,0.20791263960147244
-0.880771697965089,0.03041792859140384,1.4352638779054603,-0.9419161160763478,-1.7148187515153612,0.20791263960147244
-0.8752271459130438,0.24203333417367276,1.437366998823944,-0.9215639624683348,-1.6945400735134644,0.20791263960147244
-0.8739833379093855,0.0023092631177170832,1.4330364431436848,-0.8972571871200606,-1.6924466327571253,0.20791263960147244
-0.8744744576217343,-0.15491138021084047,1.459499364310282,-0.9477373436746027,-1.7118905943239004,0.20791263960147244
-0.8626956793908577,-0.025958646759268175,1.4555272559883323,-0.9383538114813157,-1.706694008277845,0.20791263960147244
-0.8752189670121022,0.15794672255515577,1.4548548499327976,-0.9344123584573931,-1.7152965211089528,0.20791263960147244
-0.8778540696921256,0.0444187642254606,1.4936460181117108,-0.9241850484104911,-1.7477099259923705,0.20791263960147244
-0.8820259018334876,0.05885873903013167,1.463504763115991,-0.9425909453315177,-1.7438667986936818,0.20791263960147244
-0.8797599562066081,0.060357757477139694,1.4416439061747228,-0.9241105303907641,-1.7245180378513787,0.20791263960147244
-0.876792322511237,-0.05487871463955817,1.4469872847822745,-0.8895620259642781,-1.7052277088906662,0.20791263960147244
1.1086158303746518,0.15076853361554257,-0.7845530497358515,0.7786667302204346,0.36936403234324355,-4.809712396114069
1.1036214813725946,0.19645167480173864,-0.7894126284692466,0.7598732840963657,0.35786519143587764,0.20791263960147244
1.100442635067526,0.13305036868122913,-0.7777147960681634,0.7394285597550767,0.35478266934945696,0.20791263960147244
1.108570543904227,-0.07550875333602763,-0.7611891274247591,0.7554573330671515,0.3857241144588387,0.20791263960147244
1.1106165425841854,0.024363641217923972,-0.778518503065346,0.7619621224296333,0.3955262779817006,0.20791263960147244
1.1177092342655,0.1872068278157722,-0.8137175585542493,0.7657807084588985,0.3848126562673176,0.20791263960147244
1.1057510283597751,0.17401555877670916,-0.7554180941649623,0.781935462537233,0.39011833074920016,0.20791263960147244
1.0928961920531586,-0.08019261063288136,-0.7616834094376443,0.7413436950653488,0.3733384141965505,0.20791263960147244
1.1137828383301862,0.034083025287805255,-0.802264739248761,0.8131724129501968,0.37100565358517923,0.20791263960147244
1.1016035713271382,0.09508179950018401,-0.7961853643628534,0.7571585846283191,0.37001423576301345,0.20791263960147244
1.1030925371680902,0.28471406833687607,-0.7876914043741297,0.7570407900868247,0.38143794080842036,0.20791263960147244
1.0908993731942869,0.10084269489086331,-0.7864244858000575,0.7538770791949472,0.3562729797222765,0.20791263960147244
1.107859360237362,0.3611687798821512,-0.7760200592770713,0.7892385248579142,0.3902608491122119,0.20791263960147244
1.105149562613615,0.21322431032992875,-0.7043571442206386,0.7624510003641782,0.3701214364072228,0.20791263960147244
1.0995634900874107,0.10982175714905049,-0.8290417196057951,0.7466235651424485,0.3469331714818818,0.20791263960147244
1.102197545877403,0.18850026237393383,-0.7941225807609981,0.7623504295775155,0.3721264606760189,0.20791263960147244
1.1215339839520189,-0.008972098078117352,-0.7431310697968793,0.7350235816051823,0.3637905015086384,0.20791263960147244
1.1050340072064009,0.047802210275009825,-0.7609637438788698,0.7697265801788392,0.38064184504763493,0.20791263960147244
1.0970099791167487,0.15216900641328224,-0.8134970943092321,0.7499769502447328,0.36944480402494106,0.20791263960147244
1.0958709085660863,-0.040696102790154856,-0.7791312887947637,0.7249698627006756,0.38339602761822755,0.20791263960147244
1.1072457063241425,0.27164916281092,-0.7738229046390387,0.7519784747364061,0.3609103647755443,0.20791263960147244
1.1058282596320212,0.17117780259999554,-0.7455355665110822,0.7598311153087094,0.3579151644755324,0.20791263960147244
1.094985555427131,0.24040356271815502,-0.8067174223740177,0.7529837943910103,0.3703748240583749,0.20791263960147244
1.2432517167348682,-0.8510788053858781,-1.1777476192983753,0.991870564723792,0.7595538127755131,-4.809712396114069
1.2303457978734822,-0.8126654555699026,-1.1117287747253237,0.9969671504035235,0.7375075491705858,0.20791263960147244
1.2313915604600736,-0.6670866633252334,-1.090437586734537,0.9973702172936197,0.7390071775649488,0.20791263960147244
1.2384578992371211,-0.8106945939661658,-1.1130395280447916,0.9729700593061954,0.7595538127755131,0.20791263960147244
1.2407675397548696,-0.6792696184445829,-1.166757403810306,0.9984459601017547,0.7595538127755131,0.20791263960147244
1.239068139210479,-0.7488465071930873,-1.087612694352904,0.9874000178685565,0.7595538127755131,0.20791263960147244
1.2356439123066316,-0.6658077841422677,-1.155260370078328,0.9841219579066478,0.7595538127755131,0.20791263960147244
1.2324728230719302,-0.552375336560857,-1.2591044195414731,1.0083933973808288,0.7459083261131686,0.20791263960147244
1.2297320601836106,-0.7864513171392551,-1.1575410603727954,0.9910514823867544,0.7554683450533399,0.20791263960147244
1.2297895827117176,-0.7077498986258276,-1.1493180044432851,1.0059849028383376,0.7595538127755131,0.20791263960147244
1.2323044996490142,-0.6328417335293197,-1.1475058936541367,1.0003919353453363,0.7595538127755131,0.20791263960147244
1.2415486854663838,-0.6391369431787951,-1.2022250702865942,0.9981104722216014,0.752369376844728,0.20791263960147244
1.2225425635638478,-0.8581442587217507,-1.1711640188471941,0.996491487341065,0.7595538127755131,0.20791263960147244
1.2225386013525648,-0.6482620703590632,-1.165363320382319,0.9861280911942935,0.7595538127755131,0.20791263960147244
1.228284932014877,-0.7575041121741202,-1.171908318167048,1.0090184620953555,0.7390574116274731,0.20791263960147244
1.2183563331184877,-0.6950590521935417,-1.1515371819563007,1.0172025450220215,0.7546011052846817,0.20791263960147244
1.2297310079879866,-0.5790834142406516,-1.1546171380995058,0.9898200529133289,0.7595538127755131,0.20791263960147244
1.2228901970276262,-0.7822642389745748,-1.1556574353741729,1.0001750262900206,0.7384690651482657,0.20791263960147244
1.2183111422835018,-0.6469486290254546,-1.153517458491424,0.9916959628809454,0.7388476803071439,0.20791263960147244
1.2434478893267307,-0.6047524287014979,-1.1781058123708816,1.036355285764416,0.7575215226529649,0.20791263960147244
1.2331754546324991,-0.6280678356261552,-1.1556358716033908,1.004728611891861,0.7567562722140364,0.20791263960147244
1.231314719332839,-0.763576022342528,-1.1479129250917515,0.9953931659228266,0.7438155274613015,0.20791263960147244
1.2611470347494607,-0.6794870300587443,-1.0969324946515973,1.025506138132616,0.7595538127755131,0.20791263960147244
-1.3254666267188833,0.058695159523297874,0.5462530952421774,-1.6767831304088907,0.581523063647749,-4.809712396114069
-1.3058059903165717,-0.05350487049992364,0.5269744450682322,-1.6338769859865188,0.5452808091956876,0.20791263960147244
-1.3170134710313954,0.16954620918720195,0.5373973655512937,-1.660261307704051,0.541095187728163,0.20791263960147244
-1.3179076145143807,0.028759530954427584,0.5482137019404933,-1.6425826932484895,0.5782473137109964,0.20791263960147244
-1.3172038022991506,-0.028136569223332707,0.5658611618682582,-1.6469509016085209,0.5588686016617337,0.20791263960147244
-1.3227369808792548,0.10242820182457256,0.5391897317220802,-1.6578276071313778,0.5516679087171332,0.20791263960147244
-1.3176545428851207,-0.1104495079084643,0.534362933253176,-1.6971977552896769,0.5845335676803777,0.20791263960147244
-1.3056420404577864,-0.05791579323966054,0.557854648436661,-1.6782175140763531,0.5893605193506017,0.20791263960147244
-1.305867876420337,0.024013545185214147,0.6011136573100164,-1.6456182357156401,0.5387475855386112,0.20791263960147244
-1.3227437614304924,-0.0016119927620025026,0.5417931690820819,-1.655939705137946,0.5295231532773969,0.20791263960147244
-1.3182720408762298,0.0760513634484851,0.5330478772808767,-1.6684078638402409,0.5554610744621495,0.20791263960147244
-1.3202453675422743,0.069519079698909,0.6054049782697333,-1.6437813018038063,0.5903559465600827,0.20791263960147244
-1.3264374169916038,0.0115318652294123,0.5513163903275513,-1.6448058694029712,0.5512502564985962,0.20791263960147244
-1.3247930632035352,0.02191114041390984,0.5818395847677618,-1.69438052450668,0.5787202759659699,0.20791263960147244
-1.3127359877767084,0.06379422068577756,0.5329650963074317,-1.6704619022334053,0.5849265888003866,0.20791263960147244
-1.3149531864605335,0.04457863701210252,0.5501376491478887,-1.6716178649725313,0.5437214529234816,0.20791263960147244
-1.302363039732699,-0.07931237732937624,0.5443798663637358,-1.6585222958187305,0.5469969150637561,0.20791263960147244
-1.3266605593974525,0.23372198940985936,0.5863270862491747,-1.6680123099211783,0.5640344274358843,0.20791263960147244
-1.3144609859111758,0.09550530596328381,0.5404042367869804,-1.6780172532319075,0.585872078354127,0.20791263960147244
-1.3177533463631552,0.056681864155343015,0.5615399817894376,-1.6681068397673589,0.5635666527398892,0.20791263960147244
-1.3126163805020052,0.008636846110754251,0.5381559132359592,-1.6632056678004858,0.5413134089996856,0.20791263960147244
-1.308892459484709,-0.07886105432719363,0.5651579012121776,-1.6747396271111228,0.5741552811738534,0.20791263960147244
-1.318513638652711,0.0410714663496789,0.5456921467487867,-1.6744820188590872,0.5443408684925326,0.20791263960147244
-0.7250763425007024,-0.30145687325281073,0.5796787682563576,0.0397681745416014,0.35780337281847385,-4.809712396114069
-0.7232471436299581,-0.23976737913286147,0.5528197762117075,0.04563388985672338,0.39714555170506805,0.20791263960147244
-0.7285321445015274,-0.3217848314139245,0.5823489112311689,0.0898797034961247,0.3942299153450333,0.20791263960147244
-0.736921199010907,-0.11877567175172,0.5796311831659094,0.06083900805060851,0.41453706112563626,0.20791263960147244
-0.7468184413796001,-0.17816841232960737,0.6002606447608325,0.056159561762091185,0.3796292444154513,0.20791263960147244
-0.7351243564413504,-0.13607453837695985,0.6116371223491064,0.06228088520487748,0.3711724232781802,0.20791263960147244
-0.7408868910964339,-0.14411493949781679,0.5703947925710455,0.04662658948025317,0.3773458784110645,0.20791263960147244
-0.7497871371259901,-0.2552195749184892,0.6167526158953298,0.038908108156541894,0.4112264394203316,0.20791263960147244
-0.7462792389055731,-0.04682356584241154,0.6201307994646298,0.049820499384696806,0.4193879170811153,0.20791263960147244
-0.7283884191114472,0.0647559848006809,0.5721891302051743,0.06451335416014962,0.3636768501178471,0.20791263960147244
-0.722411710928263,-0.05021249998551732,0.6545024335825357,0.08585014071271979,0.38519550059670243,0.20791263960147244
-0.743500979612237,-0.21461989588195896,0.6074016665748994,0.09909245447909094,0.37840745769077666,0.20791263960147244
-0.747258773132346,-0.2319976753718867,0.6290539388316213,0.059094705496579664,0.3920240096690296,0.20791263960147244
-0.714043395798737,0.05147603380644743,0.5866428253626607,0.08044399719704373,0.36254155977420377,0.20791263960147244
-0.744707601260244,-0.2458368499729892,0.6079057666845905,0.04645571232593864,0.37891461128076975,0.20791263960147244
-0.7341857881860546,-0.15867168833366238,0.6044378650456228,0.023521377553765124,0.3656153365567232,0.20791263960147244
-0.7379987053702552,-0.19783540817894021,0.5782591417583846,0.04453981550728327,0.410300493155796,0.20791263960147244
-0.7513012949768191,-0.18407880118058514,0.5509362675049749,0.06143639927675124,0.38229996049834625,0.20791263960147244
-0.74196727566997,-0.15439044452213982,0.55310406708059,0.05591051559114543,0.35677008021080286,0.20791263960147244
-0.7347352584054896,-0.20728784448507379,0.5458981051372027,0.07918472900771797,0.3723816184786504,0.20791263960147244
-0.7466224843567747,-0.07407338347272133,0.6065100385120642,0.0852719760857038,0.3549505436380697,0.20791263960147244
-0.739638671158923,-0.11978792773037678,0.5943109649323477,0.05173098310957651,0.3571020453805499,0.20791263960147244
-0.7377059040056918,-0.27127737817412173,0.6292549587700487,0.07988676808658093,0.39894194093083707,0.20791263960147244
0.9534311221476127,0.6193730962709124,-1.1872116652027738,0.12047104894211326,0.7388093370960731,-4.809712396114069
0.9383007912097644,0.5022469771909098,-1.1891547434215868,0.12152663770305787,0.7554964241610753,0.20791263960147244
0.9490429306418653,0.49219366305167955,-1.1375865192109524,0.09271217710662338,0.7558357181861082,0.20791263960147244
0.9665223575091363,0.5392815381248574,-1.1683942267240048,0.06419313631305393,0.7509581136973426,0.20791263960147244
0.9506458940827371,0.5087938209952685,-1.1849778318755217,0.08236133424224322,0.7595538127755131,0.20791263960147244
0.9472578727454241,0.533000645206123,-1.2104416263617381,0.14803696174592412,0.7443836250698358,0.20791263960147244
0.944215171419584,0.3160938583722033,-1.1466593556658733,0.08989696547304263,0.7474916993964034,0.20791263960147244
0.9404246418427304,0.4575587874833986,-1.1461705802419593,0.09606152697620154,0.7595538127755131,0.20791263960147244
0.9532382468415821,0.4634711866145856,-1.1637888178755214,0.07615722381706139,0.7553249930781357,0.20791263960147244
0.9416765620133417,0.4076453634510118,-1.1538402847426157,0.14369244606910717,0.7595538127755131,0.20791263960147244
0.9313437630000113,0.6255023790725686,-1.2017443234737921,0.1141056396299117,0.7389873034833677,0.20791263960147244
0.9445901323569638,0.6161549753215022,-1.1968385630754867,0.15246276307354026,0.7595538127755131,0.20791263960147244
0.9418714604399763,0.46200104892447436,-1.14602195121118,0.09668826247891789,0.7595538127755131,0.20791263960147244
0.9494828797108402,0.3987069644673228,-1.1649652238982293,0.08786080287120715,0.7595538127755131,0.20791263960147244
0.9522353300739429,0.5879759648355017,-1.1682806664907552,0.10753327495437864,0.7509946929741474,0.20791263960147244
0.948152995091619,0.48333039893296464,-1.174737384855185,0.07979899353099836,0.7595538127755131,0.20791263960147244
0.9534473106956449,0.5616663393529536,-1.1369991889558237,0.0700482602699256,0.7595538127755131,0.20791263960147244
0.9389733690401768,0.527623804611294,-1.2117841515699674,0.0862590246746425,0.7337774764477079,0.20791263960147244
0.9498119668560743,0.4365677131615902,-1.1251687082591373,0.09541622798301945,0.7517222364937259,0.20791263960147244
0.9483063855154351,0.4055507493444231,-1.1496506210994033,0.09749957661137175,0.7571945829525223,0.20791263960147244
0.9324295611992931,0.41385238395764995,-1.1493027135780152,0.10508982277290069,0.7462919618731789,0.20791263960147244
0.9540399328610027,0.6290819792378582,-1.1491599338581393,0.13522324034849514,0.7595538127755131,0.20791263960147244
0.945094706187847,0.5819844332630113,-1.1356960165277497,0.0721907946508598,0.7565442742711991,0.20791263960147244
1.0790043922169732,-0.9369015460233258,-1.1860682706508814,1.2328850822335164,0.7490883956240322,-4.809712396114069
1.0851003257767664,-0.925059124190555,-1.228354439373786,1.1975147392825904,0.7481046269947158,0.20791263960147244
1.0773332780632212,-0.8531420329249304,-1.288918752187821,1.20785628654375,0.7595538127755131,0.20791263960147244
1.0824711345160056,-0.9323100369720119,-1.228355937166061,1.2025544735789484,0.7549089782415687,0.20791263960147244
1.0791346252102543,-1.0821491835994559,-1.2996999848985817,1.1914622835986388,0.7523794351596497,0.20791263960147244
1.0780098732432066,-0.9132002407218694,-1.2134503299207042,1.1914099904308104,0.7595538127755131,0.20791263960147244
1.082758296588615,-0.883503506642358,-1.2430702429458411,1.1994951504786249,0.7595538127755131,0.20791263960147244
1.0607485484428492,-0.9059564108829881,-1.2830888651864925,1.1973291355012006,0.7595538127755131,0.20791263960147244
1.089884433433497,-0.934778810154464,-1.2810925975724174,1.1977801914879642,0.7412057307836726,0.20791263960147244
1.0929990511040684,-0.9480516793802423,-1.262272924666681,1.1982677457073905,0.7452260374315599,0.20791263960147244
1.0742123563805768,-0.8637684250610447,-1.2194055293479293,1.175356225980208,0.741905303953397,0.20791263960147244
1.0596925172080671,-0.7959261092964748,-1.239279651091141,1.2235169303776023,0.7595538127755131,0.20791263960147244
1.0842662789082673,-0.828187977542999,-1.2442015692882789,1.1735192034767077,0.7595538127755131,0.20791263960147244
1.0752010248839918,-0.8957272939092393,-1.2668779245889592,1.1806203077554551,0.7309475513779985,0.20791263960147244
1.0905669101019442,-0.6992654392653891,-1.2962321702418371,1.235224643781776,0.7351712963224117,0.20791263960147244
1.067018523678733,-0.86990982507115,-1.2472901991243304,1.1890960727053963,0.7595538127755131,0.20791263960147244
1.0796751351037863,-0.911948821341697,-1.2404086145351587,1.1864743353879925,0.7395706903333039,0.20791263960147244
1.076048974194361,-0.8177967618694708,-1.2436541663531198,1.196207436438787,0.7492361813868645,0.20791263960147244
1.090795242647807,-0.8321342787791504,-1.2080679397672691,1.1831093626436673,0.7538334156534867,0.20791263960147244
1.0872865619082093,-1.067998777100585,-1.2711420203921042,1.165057824096045,0.7414408173902298,0.20791263960147244
1.0970662417259214,-1.0025922596278098,-1.2839173915626958,1.1755107684803185,0.7582752794242833,0.20791263960147244
1.0847580786264455,-0.8789090728018983,-1.2765293081498965,1.2061234820669475,0.7595538127755131,0.20791263960147244
1.075133347689701,-0.9555308493471377,-1.2115906598911683,1.1927878785719035,0.7532186014305557,0.20791263960147244
0.044944368988077035,-0.5826908779362426,0.2704566046293366,1.0047539166424317,0.3857934951173763,-4.809712396114069
0.057825170899620325,-0.7576460729818957,0.23426833560335444,0.998040320227044,0.3645418468453583,0.20791263960147244
0.06344209430177385,-0.7383750941060284,0.24537934123449776,0.9912455993013084,0.3636178915833039,0.20791263960147244
0.05218861263043032,-0.608139373245582,0.16590724183065664,1.0493165808951834,0.37672612199532657,0.20791263960147244
0.05258674648957824,-0.5581257618994243,0.2198121894202242,1.0043610598798787,0.3789604331940455,0.20791263960147244
0.06271550323199301,-0.6660750719006971,0.26051412644283306,0.9981223996148232,0.3922263704444337,0.20791263960147244
0.052731881189719526,-0.7624262455504578,0.2829427721711194,1.0149826094848042,0.39399266773430436,0.20791263960147244
0.05624865613967627,-0.6500650590512133,0.15949030472912276,0.9897031704471672,0.3915359550340962,0.20791263960147244
0.054699533985207945,-0.6683488792041464,0.22182212859345055,1.0323085519311226,0.3964643076034577,0.20791263960147244
0.05228448786852584,-0.8399363207215256,0.21225520690634786,1.0055408574625668,0.4206159262873933,0.20791263960147244
0.057356202267337494,-0.6010592602440347,0.23710007811200745,1.0197067946716831,0.36228579292502655,0.20791263960147244
0.05225921400251026,-0.5235255288130921,0.23606945587080697,1.0184036411724031,0.35870090872816907,0.20791263960147244
0.06871570551378757,-0.8307268265551208,0.18840586667665377,0.9888085363692443,0.39922599858497976,0.20791263960147244
0.07654714940041511,-0.43583133695042636,0.23280180460426875,0.993186183225873,0.3835816739078201,0.20791263960147244
0.03890837294155323,-0.6023352300390741,0.23457406537032768,0.9596021504569587,0.3747835359005226,0.20791263960147244
0.05502821028289039,-0.6519285693295257,0.262122790789883,1.007673392905796,0.3563909310570196,0.20791263960147244
0.05316710585637357,-0.5571894127741335,0.22649507819123102,1.003530128285202,0.33528694855668606,0.20791263960147244
0.06222790635087647,-0.7211208306389651,0.22388504859962485,0.9832321726170148,0.38127458662289515,0.20791263960147244
0.06995546179976439,-0.6567832625587245,0.2527704447491868,0.976115548782786,0.3735463084989242,0.20791263960147244
0.05434065124701248,-0.5738204903682605,0.24048632191428487,0.9799014671053657,0.3878492230897166,0.20791263960147244
0.04313931130119334,-0.7328566984455285,0.20785877051030527,1.0013144057977823,0.36445516024005087,0.20791263960147244
0.06349953902426905,-0.5646861257212229,0.22938213710922675,0.9887620897394196,0.3641619816406231,0.20791263960147244
0.05290089440545187,-0.5818462067215904,0.19685004665463296,0.9752114911039227,0.3546580060236747,0.20791263960147244
-0.034219323520056195,-0.5822390011129992,0.47152851038753585,-0.4202754794323708,0.38285419861667913,-4.809712396114069
-0.048465101225604566,-0.7270361591812137,0.4111791781897577,-0.45641658791612577,0.36138070574503883,0.20791263960147244
-0.06014899483961381,-0.6977253701021627,0.42450532595356083,-0.40808339692284873,0.38033522930245517,0.20791263960147244
-0.04500329583009169,-0.6716814104768564,0.4072137667614902,-0.44056595464860215,0.3662142095911108,0.20791263960147244
-0.06477186579911887,-0.8560631944176802,0.4662135851164534,-0.43540135504299915,0.3724250166500594,0.20791263960147244
-0.04902305313886508,-0.8170840951473506,0.3845330419942384,-0.4047530889925763,0.3829328761799868,0.20791263960147244
-0.04659227362317227,-0.6418087421623169,0.4491299475490333,-0.39853255845103397,0.33219431514853487,0.20791263960147244
-0.05385982277235094,-0.6297654700269517,0.4667865141098599,-0.4325347493236482,0.37883751429191936,0.20791263960147244
-0.05589555947930418,-0.9537663510654666,0.41346016414792863,-0.42694922291723514,0.3538087006183009,0.20791263960147244
-0.06249570768743702,-0.5147757226966485,0.4491906209450382,-0.4300827598117825,0.3761244011326789,0.20791263960147244
-0.05717391911380635,-0.7320031364561972,0.41275982268977346,-0.4153004177281816,0.3915802948005294,0.20791263960147244
-0.05912286482854075,-0.7612496246471332,0.4264525255265009,-0.4278871364349799,0.36342167365475225,0.20791263960147244
-0.04958854363541587,-0.8038582098769722,0.47200254976265327,-0.43067778662203504,0.4073843167851843,0.20791263960147244
-0.03870574046545132,-0.5973696959736442,0.4448013478834784,-0.42433808822146035,0.3615132159310086,0.20791263960147244
-0.06732070937229352,-0.8749695257361477,0.4745692793690639,-0.40601081359559377,0.4072954409389485,0.20791263960147244
-0.05263825374586608,-0.7000569387881054,0.403509723559434,-0.4404192307790106,0.3925689940848647,0.20791263960147244
-0.053358974008254755,-0.7055415460754725,0.43975538825731186,-0.42815492883798056,0.3694517166473517,0.20791263960147244
-0.036379326154331364,-0.5044041659193401,0.4463194987734497,-0.3789724841893441,0.35339097139759396,0.20791263960147244
-0.058506050210364605,-0.8503421583099484,0.43082174063843887,-0.45767232469404606,0.3577276211564533,0.20791263960147244
-0.0590076616357759,-0.6071939146971281,0.42007556036970095,-0.44348980968185725,0.3675914216651674,0.20791263960147244
-0.048517565327014546,-0.6593166306606745,0.4054004035121464,-0.3980027767856848,0.3736393632083211,0.20791263960147244
-0.06057151065665472,-0.82999022992701,0.4412475825260753,-0.46102006761309594,0.3794164454286362,0.20791263960147244
-0.04665802987306819,-0.833323854687689,0.47359239274722414,-0.4385057459637866,0.36435704621909804,0.20791263960147244
-1.720839318459208,-0.9375805057132334,0.7717918854390725,-1.6680568195437822,-1.5544250327808016,-4.809712396114069
-1.7166895745546915,-1.0609846156013887,0.7166703220946813,-1.659255215425503,-1.4942823168944996,0.20791263960147244
-1.7250112071094603,-0.9198805399095671,0.7283055201466968,-1.656383190155844,-1.5284802270228413,0.20791263960147244
-1.7332501999220757,-1.015530298968254,0.7175394005637546,-1.6716562051280712,-1.5128897227189133,0.20791263960147244
-1.727909957311754,-0.6890692736392368,0.7014318731643915,-1.669522957899644,-1.553228112095457,0.20791263960147244
-1.7331038812509454,-0.9194704371874148,0.7269782263085769,-1.6670889430230746,-1.5343849899542428,0.20791263960147244
-1.7190641966168643,-0.8903138098026245,0.7408236974862829,-1.6925964992844056,-1.5423239651950285,0.20791263960147244
-1.7198621152487938,-1.0719924399775649,0.720093472911369,-1.6645749017795366,-1.4999776373117186,0.20791263960147244
-1.7279019053490017,-0.8872727474394396,0.7628192789234945,-1.6630988610838224,-1.531415777969856,0.20791263960147244
-1.7251755007439424,-0.9189281845338204,0.7021730937761058,-1.6373608310014134,-1.5264923568342763,0.20791263960147244
-1.7412854659339945,-1.0480741588789513,0.7546538618055494,-1.6630875796860962,-1.5581033464182128,0.20791263960147244
-1.7284177691107132,-0.9863619543654959,0.7366697590354465,-1.6521768985854848,-1.5292766245549585,0.20791263960147244
-1.7188437474173957,-0.9432026098243901,0.7236618003083977,-1.6687888738829362,-1.5142182343233859,0.20791263960147244
-1.7282459441010227,-1.0538812247537241,0.7467135979907228,-1.6704332383700964,-1.5812707494074079,0.20791263960147244
-1.7284938270975563,-1.0365193508581414,0.7534921682330411,-1.6698115033854422,-1.5386144140625313,0.20791263960147244
-1.7228299557774376,-0.9264191949042001,0.7788741456553422,-1.7032880462697644,-1.5015721786182832,0.20791263960147244
-1.723652950790734,-0.8481492740220218,0.7397737741180628,-1.6491705802008396,-1.5262500864743422,0.20791263960147244
-1.726794050593542,-0.8624095002454105,0.6512928349502228,-1.667180665993035,-1.5194438504027823,0.20791263960147244
-1.6990391676107333,-0.8849118242907339,0.7069796997330442,-1.658830734817711,-1.5322825035704213,0.20791263960147244
-1.7293724489408955,-1.073540094156651,0.7556514244400405,-1.683102095644905,-1.528098511592656,0.20791263960147244
-1.7414173560480914,-1.054945171158139,0.7162688820619736,-1.6290059590452222,-1.5353183761231135,0.20791263960147244
-1.7372454491353824,-0.9609022311360638,0.7593426959667287,-1.6559666628163117,-1.5220501058285307,0.20791263960147244
-1.733353156079515,-0.8821219940022569,0.7694751716911302,-1.665383352684425,-1.5070133236160435,0.20791263960147244
-1.3442479750074485,0.4875386408211939,2.782951122766025,-1.840700317544815,0.1448811071918548,-4.809712396114069
-1.350850760598113,0.7286790353320707,2.7538307667970296,-1.813709319942912,0.21544450794580566,0.20791263960147244
-1.3383415345722252,0.5559885249336785,2.794166150432147,-1.8526596841132288,0.16894645186979695,0.20791263960147244
-1.34982406047156,0.5320220899918905,2.817352046946029,-1.8296258234758893,0.21358679918796558,0.20791263960147244
-1.351997921724192,0.5400604192632664,2.825258200999862,-1.8063306104982308,0.14777029444719547,0.20791263960147244
-1.3420534251959915,0.47611924050383947,2.81998906896023,-1.8369843859672579,0.22541836264061038,0.20791263960147244
-1.3444065351002394,0.46041556855458937,2.7556753810668853,-1.8648039652863388,0.171874747890789,0.20791263960147244
-1.3486115523965039,0.6001110736380141,2.752980177307749,-1.8516063931190099,0.1568170647087634,0.20791263960147244
-1.3580518281600025,0.43555083595289823,2.7523422929117394,-1.8433512829132996,0.17053901974653882,0.20791263960147244
-1.3356200733432466,0.6465664972427504,2.7596667110207798,-1.8367779721522937,0.16785113676445554,0.20791263960147244
-1.3494067126047176,0.6007531660519563,2.78651551634176,-1.8380595840378013,0.18375997170492614,0.20791263960147244
-1.3489446625647934,0.5636168419449766,2.7559695824151147,-1.8634360167491644,0.18034632303060144,0.20791263960147244
-1.3479103904504453,0.5592648555181293,2.78540957515269,-1.8512606717206088,0.156513832535468,0.20791263960147244
-1.3524420171767735,0.5422862489758318,2.7097847488895517,-1.8587302132480121,0.16802229599476942,0.20791263960147244
-1.352733840393463,0.6607556794700141,2.7291939716491838,-1.8267739404961143,0.16341203285180034,0.20791263960147244
-1.3398966724187151,0.4189508402624046,2.766179720339658,-1.8383124930609376,0.15620489525295816,0.20791263960147244
-1.3371046874998536,0.5150200458437636,2.7348050888990607,-1.8301140308790484,0.15918180563326206,0.20791263960147244
-1.3632284657521254,0.5351349821922157,2.737706122115988,-1.8159960385466414,0.1881917337352251,0.20791263960147244
-1.341437954999095,0.6062570267136204,2.785432090635493,-1.8345917356846704,0.2381781065789876,0.20791263960147244
-1.3438486170415962,0.5484003140378538,2.8086035217444927,-1.8399494332983704,0.15577537749621417,0.20791263960147244
-1.3403593744855855,0.5080858167532424,2.820710850751226,-1.836939430068398,0.20720549891665727,0.20791263960147244
-1.3432991100923939,0.46544868137252643,2.8158975048635897,-1.8371310515542647,0.17559791027354166,0.20791263960147244
-1.3482423798950902,0.45723100475894274,2.781516958599342,-1.808735074471496,0.19112868455407803,0.20791263960147244
-1.7836466916181948,-0.24309659270391298,1.653796676590798,-2.2544748679589,-0.20119670840363776,-4.809712396114069
-1.7590619752701013,-0.16917641595357236,1.6838000725173456,-2.221258280596517,-0.18470670962074756,0.20791263960147244
-1.7730078504085387,-0.05989529890117195,1.7438325014450986,-2.2572507251481038,-0.18486931306066476,0.20791263960147244
-1.7796276653872227,0.14157622568226128,1.6724515189344047,-2.2512154393829125,-0.1980630259658479,0.20791263960147244
-1.7680444198772554,-0.07935769798954048,1.6632863353189493,-2.209979264393509,-0.16719359435455422,0.20791263960147244
-1.769671994339759,0.030828379797850147,1.6871735791380689,-2.2417868579403004,-0.159646427364238,0.20791263960147244
-1.7835025516007184,-0.2197586754488815,1.645587382258285,-2.2813969297323236,-0.17510323234317804,0.20791263960147244
-1.7707452936285921,-0.24222999678897167,1.6225075386076966,-2.2355090623763907,-0.19242291211268217,0.20791263960147244
-1.7717376421295599,-0.12767382093187107,1.7203264139914431,-2.2582449977216754,-0.20752843578409172,0.20791263960147244
-1.7801192968354638,-0.12022961580515086,1.6891098296053444,-2.2760280525410077,-0.19035933264165905,0.20791263960147244
-1.7806428488019026,-0.1647220175984953,1.7509643270874276,-2.229868697841778,-0.1657398396169903,0.20791263960147244
-1.7730614298140914,-0.03859582059666008,1.6942265168829842,-2.23581460281876,-0.20830577445603257,0.20791263960147244
-1.7784108788476858,-0.025805862542288557,1.6813904153517374,-2.2192696716695504,-0.15977251507319137,0.20791263960147244
-1.7708914749956395,-0.0578916109792355,1.6280487095988987,-2.2626604368099392,-0.206383212945983,0.20791263960147244
-1.7683352894504667,-0.3163689106533218,1.7715729508208422,-2.2543995363894633,-0.1760639796281737,0.20791263960147244
-1.778021259967538,-0.029020027539492146,1.7356303787504417,-2.2520126011018413,-0.2586719858583162,0.20791263960147244
-1.760159398600935,-0.11741216212826858,1.7070409824443935,-2.2653976804953198,-0.18356547296252612,0.20791263960147244
-1.783153240725903,-0.21043798011165724,1.715722478827667,-2.2442517251179233,-0.1928658063657645,0.20791263960147244
-1.7700385386580046,-0.065193235301542,1.7064182343012224,-2.2199235729485123,-0.20031514824753952,0.20791263960147244
-1.7643964807971226,0.04307295518292539,1.710825662860577,-2.2373458821265992,-0.1888223605243599,0.20791263960147244
-1.7707234967984868,-0.10992323859317248,1.709126519739028,-2.264084349374083,-0.16733478839082772,0.20791263960147244
-1.7709078495694202,-0.25094243780269265,1.739342749737715,-2.268168687620573,-0.19601772109307083,0.20791263960147244
-1.7812064232583138,-0.015176517428736129,1.7307069662902421,-2.2565827090522688,-0.22109859416007094,0.20791263960147244
-0.8769084907285546,-0.41387916738363995,1.2799317608649539,-0.7471799576449899,0.20786957956915544,-4.809712396114069
-0.8793413235117105,-0.341135378732258,1.2576111369865057,-0.7780008341885234,0.1933150410435067,0.20791263960147244
-0.8741292238771395,-0.49278023076502414,1.2349695979594097,-0.7744244862957385,0.1858105169571445,0.20791263960147244
-0.8661146565514632,-0.44258074807391345,1.253568640964544,-0.7762720553329087,0.21868630659853525,0.20791263960147244
-0.8784658769259068,-0.2437955609181063,1.2432713273087352,-0.7365253553556166,0.20448106159440663,0.20791263960147244
-0.874397345246395,-0.29366845553502,1.2384182886153345,-0.7740817331906258,0.18990930794615496,0.20791263960147244
-0.8817049516488195,-0.3331885084188656,1.3012434591958215,-0.7701086275007837,0.1767700173974238,0.20791263960147244
-0.8821729820851872,-0.3582284276503803,1.2262045606030862,-0.7958840988806734,0.14976892333271385,0.20791263960147244
-0.8790067439359127,-0.3579395488553163,1.2253329309946224,-0.7109165012695978,0.16202308661591605,0.20791263960147244
-0.8854473708794052,-0.5467353028033125,1.2370774773234396,-0.7437726958723371,0.1795235859430201,0.20791263960147244
-0.880721520313788,-0.31652910198749284,1.2592598131552724,-0.767808819885974,0.17805265699298475,0.20791263960147244
-0.8846434992997778,-0.473712321255762,1.298601508235148,-0.7793032149169948,0.17476434016430997,0.20791263960147244
-0.9016186979265496,-0.49355920640600287,1.2448151418745221,-0.7603126825142701,0.1917194585634453,0.20791263960147244
-0.8639982789636428,-0.3650595711938323,1.2618852644140892,-0.7669275225925036,0.19889767807543215,0.20791263960147244
-0.8706662517118937,-0.24628453834726916,1.218609443656472,-0.7186406387221869,0.15843585872009588,0.20791263960147244
-0.8865014737279492,-0.25543500695261934,1.2709572100956215,-0.771000266975885,0.19076996530307977,0.20791263960147244
-0.8859277023912763,-0.20753753830352592,1.275327274489344,-0.7584467052920646,0.19017353408611387,0.20791263960147244
-0.8834350203551057,-0.5358071789054718,1.2156542028661323,-0.7623257493334993,0.20798441318789668,0.20791263960147244
-0.8698525926987821,-0.2412832982241665,1.2361969417633902,-0.7659680042897291,0.19917572219971497,0.20791263960147244
-0.8822562289249928,-0.291235678386321,1.2707818640667439,-0.8024884242018137,0.17556915871496545,0.20791263960147244
-0.8899996076065174,-0.3209200727768827,1.2532590419230447,-0.7602825159088675,0.22791504694708756,0.20791263960147244
-0.8919644791597942,-0.2958114945461587,1.2194753226572945,-0.7939421804188025,0.17425758623566617,0.20791263960147244
-0.868533250927988,-0.23166442573852353,1.2803461804893976,-0.7295762159322902,0.19588690840677697,0.20791263960147244
0.4104620097438417,-0.5822896866586483,-0.6998954557424342,0.6137682830431829,0.7595538127755131,-4.809712396114069
0.3905843233719903,-0.7917789482390614,-0.7543528663212175,0.6181018023005388,0.7595538127755131,0.20791263960147244
0.40096853755452566,-0.7733992972919758,-0.7158719344631772,0.5766455068354466,0.7532224715368223,0.20791263960147244
0.3905614154444846,-0.6327936005755592,-0.7039387245137334,0.5819910398378324,0.7464090974042997,0.20791263960147244
0.4037997859412297,-0.6746759459174508,-0.7164251530199947,0.5669682412736597,0.7257678345390349,0.20791263960147244
0.39556803976582094,-0.5905410153857971,-0.6767362635484631,0.5851281891202134,0.7435189744417509,0.20791263960147244
0.41151194773834543,-0.6533949019844384,-0.7270194450966012,0.5837466253221595,0.7530910945984668,0.20791263960147244
0.39671131515328234,-0.6324947461374735,-0.6915956078714611,0.5707805424982335,0.7595538127755131,0.20791263960147244
0.39014711957875653,-0.5351263971483378,-0.6777609878061441,0.608599199663489,0.7595538127755131,0.20791263960147244
0.38449807231035454,-0.6724091275966588,-0.7294975296869467,0.5831319728411629,0.7453133966845662,0.20791263960147244
0.3966849213271624,-0.6738577720553002,-0.7472714150818811,0.6002786873091028,0.7595538127755131,0.20791263960147244
0.41187561589891764,-0.7314233952219569,-0.7031288599573021,0.5798126885548264,0.7267295780200855,0.20791263960147244
0.3921115207914835,-0.8768212296456167,-0.7446498803793153,0.5981734600358417,0.7415318578050846,0.20791263960147244
0.4030929411870494,-0.7902294382023914,-0.6813410538486371,0.5921356256581327,0.7493390447513348,0.20791263960147244
0.39774487893737137,-0.8720966385784797,-0.6709769530238381,0.6195632777610983,0.7595538127755131,0.20791263960147244
0.3982605644279545,-0.7394445576606741,-0.7270649509750808,0.6211310747723257,0.7595538127755131,0.20791263960147244
0.3842595071164337,-0.6940891402649759,-0.6988414195584219,0.6076896984288295,0.7595538127755131,0.20791263960147244
0.3998126612078942,-0.8057584937559933,-0.7608444742699021,0.5795935371561527,0.7595538127755131,0.20791263960147244
0.4005496504342878,-0.8162039041795253,-0.7012317592428874,0.6020012315805738,0.7537378601864345,0.20791263960147244
0.39865945837330613,-0.671313765273437,-0.708001253016635,0.6099214885851473,0.7595538127755131,0.20791263960147244
0.3952461149969803,-0.6445042228825478,-0.7311379655164463,0.5641834632346456,0.7595538127755131,0.20791263960147244
0.3906408217262672,-0.7278040295757241,-0.7270947004007976,0.6092743344045748,0.7534161693170757,0.20791263960147244
0.39565667311853225,-0.723554999992201,-0.6822031837149999,0.596568841720561,0.7338098558782519,0.20791263960147244
-0.47199087923360245,4.095244576210569,0.9055075581310273,-0.9790299960907223,0.5792710061320439,-4.809712396114069
-0.455613405022792,4.093553459202877,0.9076419975634729,-0.9572148960006456,0.5789099252475801,0.20791263960147244
-0.44799787672397684,4.084926733440934,0.8780011923016386,-1.0006866867641235,0.5703926113570325,0.20791263960147244
-0.4634018918445193,3.9757459097822907,0.9261104380908867,-1.0073859731227524,0.5693634559871289,0.20791263960147244
-0.4588675780717552,4.0176867742659965,0.925386429896197,-0.995455033624706,0.5869413544306126,0.20791263960147244
-0.4547793628957463,4.116925241755017,0.9187430559744614,-1.0090909688441094,0.5508459476041083,0.20791263960147244
-0.4584985381308993,3.981052298790944,0.9292020611569084,-0.9961015599984537,0.5789417139936739,0.20791263960147244
-0.45774020904862417,4.109349709751425,0.9111737612017278,-0.9953035906140101,0.5844212701700091,0.20791263960147244
-0.4673302852324269,4.036007552094452,0.9047893463909322,-0.982208898965434,0.5597041379237011,0.20791263960147244
-0.45176890461597446,4.221512384313814,0.8745796011430351,-1.001967978433153,0.548140840856624,0.20791263960147244
-0.452636959626683,3.909526649200627,0.9043787939779028,-0.993896217532347,0.5797685098302557,0.20791263960147244
-0.46595241107150165,4.038140645944043,0.8710384440148831,-0.9924400544572597,0.5444436032259925,0.20791263960147244
-0.4653015660183395,4.0888645068551535,0.8957418063559337,-0.9942846086611216,0.5554143314729197,0.20791263960147244
-0.45873376431296986,4.054573454982821,0.926510582699457,-0.9695666330067924,0.5827880863980891,0.20791263960147244
-0.4539551167839431,3.9812340656210687,0.8924403796531936,-0.9880070767510543,0.5863633593013076,0.20791263960147244
-0.45524643438788376,4.0501414889877045,0.9017006413292621,-1.0006739834406682,0.5957216265778409,0.20791263960147244
-0.46073061497058904,4.145647189868693,0.8997356041200835,-0.9905414527047661,0.5655404332129012,0.20791263960147244
-0.4526219349910952,4.139351646341206,0.9620512992640063,-0.9771395749103224,0.5679023047840572,0.20791263960147244
-0.45763731979792804,4.22520370318323,0.8828854239265828,-0.9917186729632637,0.5370234831805394,0.20791263960147244
-0.4608389460321866,3.9028665112261764,0.9123033348112642,-0.9821387726655179,0.5323487756173826,0.20791263960147244
-0.44775525105292463,4.152237997227764,0.9028243396976625,-0.9685610128267392,0.5796655267573941,0.20791263960147244
-0.452129848460166,4.21904838485478,0.9576858795103802,-0.9649870655669814,0.5785287090836587,0.20791263960147244
-0.4519925062995677,3.948708577551855,0.8813716482448376,-0.9568171435091756,0.5620412928882598,0.20791263960147244
0.90253218048678,-0.5829415675251893,-0.6600938084997542,1.2689250804944356,0.7595538127755131,-4.809712396114069
0.8974402008743908,-0.5137674264124534,-0.6077284474779608,1.3384909021281048,0.7441902133905992,0.20791263960147244
0.8885726564703393,-0.5321782213737765,-0.5946451842448633,1.3239351378574102,0.7535479566987211,0.20791263960147244
0.9000739486258484,-0.5348423423899603,-0.661902466813355,1.341649261413223,0.7481193308466872,0.20791263960147244
0.8940567795315927,-0.7446094627953322,-0.588120532243465,1.3210314902385452,0.7595538127755131,0.20791263960147244
0.8922229928685691,-0.6178405901351174,-0.6219086326114694,1.3186790682061165,0.7569098171491689,0.20791263960147244
0.8867126755529816,-0.5510904487409157,-0.644367599585667,1.3004933281022741,0.7366538846228113,0.20791263960147244
0.8778646576408718,-0.6119543835207018,-0.5841604222663954,1.3460694368845834,0.7586645845189365,0.20791263960147244
0.8857685212766586,-0.759825311531672,-0.5992184415134945,1.3449844938092932,0.7519256340005371,0.20791263960147244
0.9003478520272736,-0.7066076137148377,-0.6174227667081273,1.2809831102603126,0.7384320639106081,0.20791263960147244
0.8975663542959169,-0.6217500914619568,-0.5824357587647535,1.3447474171100686,0.7595538127755131,0.20791263960147244
0.8877006737617429,-0.5738075169732337,-0.6244364212822248,1.3223886599442907,0.7595538127755131,0.20791263960147244
0.8900947286120802,-0.6323019633935688,-0.623627534728526,1.3175236730609166,0.7595538127755131,0.20791263960147244
0.8825445652562082,-0.5317492748090157,-0.5902512422673324,1.3584086283386694,0.7595538127755131,0.20791263960147244
0.8879852897491447,-0.6856850431676192,-0.6017231451258785,1.3149772374269733,0.7442950458235539,0.20791263960147244
0.8860800966922242,-0.6189537177984542,-0.6134383317194635,1.3357019965394732,0.722689031571792,0.20791263960147244
0.8983455319794226,-0.6388546222467002,-0.5921734473008143,1.321445056798499,0.75176799357851,0.20791263960147244
0.9051535028864255,-0.5737816841903522,-0.5790320565800953,1.3385612170816785,0.7595538127755131,0.20791263960147244
0.8752070216804777,-0.6313625517958925,-0.5976088419714995,1.3109784843655066,0.7595538127755131,0.20791263960147244
0.8903977874744339,-0.6247015343075134,-0.5885795350310812,1.3579938215963312,0.7542874802960333,0.20791263960147244
0.9134829212352078,-0.752816696748478,-0.6560146404222477,1.3517713484535727,0.7364487884568889,0.20791263960147244
0.8986009595687299,-0.7337413960499436,-0.5243540003509536,1.3451322786195743,0.7595538127755131,0.20791263960147244
0.8875939350931461,-0.6750462675033094,-0.5769426846269374,1.3391844640719976,0.7595538127755131,0.20791263960147244
0.8416939476863003,1.398330877365924,-1.2440346132253752,0.8264301564938858,0.34239062763680733,-4.809712396114069
0.8312782638055897,1.3025954415827543,-1.200818096499604,0.8369294009359083,0.38137216830402754,0.20791263960147244
0.8436504761473878,1.1860938254402338,-1.2102435597459564,0.8461996618772603,0.38083375940644276,0.20791263960147244
0.8417154308704057,1.3525065751522658,-1.1760307739526195,0.8375997822546183,0.410768259512941,0.20791263960147244
0.8507960761362784,1.5565675814357234,-1.179797454245294,0.8223894793362907,0.38052802427368754,0.20791263960147244
0.8372641115305937,1.2968628264985218,-1.1985825704636774,0.8552384448426847,0.36315463748690535,0.20791263960147244
0.8389790847904751,1.1259257831763045,-1.2188897768922962,0.8452093419967094,0.3921093163087337,0.20791263960147244
0.8343112645084827,1.2284589067774951,-1.2290239784414054,0.8636250158409542,0.4206397808948535,0.20791263960147244
0.8466216023705462,1.284796421728973,-1.1740053844182459,0.8559098830787587,0.3894207597146083,0.20791263960147244
0.831876424193157,1.1597385154839894,-1.2101173468604003,0.8413064204237327,0.4117519243174699,0.20791263960147244
0.8323763646309322,1.1979627610746166,-1.1839213876043615,0.844931840498651,0.3802523442302748,0.20791263960147244
0.8475552841453629,1.401355281814974,-1.1962463890564885,0.8425840724782439,0.3923446269464034,0.20791263960147244
0.8383666004303405,1.2529296523385638,-1.2580251640704683,0.8961437033920218,0.39436867242864754,0.20791263960147244
0.8321854362851097,1.3175856368713659,-1.1806158701439415,0.8541920167390604,0.35830258615342414,0.20791263960147244
0.8272680492445129,1.3495826765101122,-1.2155070737716984,0.8633137927450821,0.4188709170667439,0.20791263960147244
0.838336325186773,1.2178394666485086,-1.2244335058371858,0.87347437669397,0.3768823149085321,0.20791263960147244
0.8441959071384603,1.2491737147810753,-1.1766178805279732,0.8631583877690853,0.3583710569789172,0.20791263960147244
0.8477087474280582,1.2039048025337078,-1.2158065824261235,0.8752034319074768,0.38052258589528676,0.20791263960147244
0.8632343776406636,1.2073460480023233,-1.2052430668551042,0.8435980999859856,0.37698526264611343,0.20791263960147244
0.8522001575335263,1.1945707725016033,-1.277093887767812,0.8332509267637519,0.3651799718736666,0.20791263960147244
0.8312038571932264,1.2281674301798402,-1.231786509887017,0.8775643632619732,0.38949322826306987,0.20791263960147244
0.8372300873331844,1.1970395107444023,-1.204689918133414,0.8638161445937509,0.37623665649086974,0.20791263960147244
0.832100163597951,1.3071452234384378,-1.2460531160761634,0.8562055772581224,0.3998326950249376,0.20791263960147244
1.1693134644091743,-0.21912972841540104,-0.7070782527059275,0.7184053785974631,0.7551069888361072,-4.809712396114069
1.162316362899754,-0.25690793015790303,-0.6896355562292329,0.731388650192105,0.7595538127755131,0.20791263960147244
1.156114595856452,-0.11244780822461808,-0.6704760326668017,0.7323993292962545,0.7595538127755131,0.20791263960147244
1.1776094708139198,-0.15448268092509704,-0.662810473755657,0.7504693920827287,0.7595538127755131,0.20791263960147244
1.1773984323983222,-0.0866626974941063,-0.7395359045453329,0.7226463748218142,0.7595538127755131,0.20791263960147244
1.1695591759688828,-0.1897893222504806,-0.6677153002433752,0.7236666703781052,0.7443237900055407,0.20791263960147244
1.1688485822295882,-0.14805544789331737,-0.6678502823984196,0.7100614693039238,0.7595538127755131,0.20791263960147244
1.1652735213227394,-0.1796607775567492,-0.6735458922335632,0.7322868388600151,0.7595538127755131,0.20791263960147244
1.1793978654750463,0.031172057126171035,-0.7227624519248952,0.759366098153523,0.7393582727478706,0.20791263960147244
1.1609175093460256,0.057599861562776154,-0.686837908628396,0.7301823444959992,0.7595538127755131,0.20791263960147244
1.1637662418863013,-0.07402408907147234,-0.63757741526254,0.7307587427994897,0.7595538127755131,0.20791263960147244
1.1655082097306793,-0.2704872478734995,-0.6838488163398015,0.7157257384997667,0.7595538127755131,0.20791263960147244
1.1737717421308222,-0.1261579147391335,-0.6872620001137133,0.7041201490279251,0.7595538127755131,0.20791263960147244
1.1797998526536155,-0.26543181192854587,-0.6905067508821512,0.7250036805284651,0.7595538127755131,0.20791263960147244
1.1721063431617178,-0.15748276117417603,-0.6639199718063638,0.7087187415897381,0.7317016975548454,0.20791263960147244
1.1655887237105598,-0.04287020987279115,-0.7211037902538306,0.7150177573189396,0.7402118240304558,0.20791263960147244
1.1776706121087366,-0.1661665427002153,-0.6340713188656152,0.7393354039205844,0.7595538127755131,0.20791263960147244
1.177014855910185,-0.21334317017100105,-0.6718588030823293,0.7035669345669548,0.7595538127755131,0.20791263960147244
1.1699193607283527,-0.10228766892361281,-0.6968915041033205,0.7315489519723037,0.758404814087397,0.20791263960147244
1.1581385228285084,-0.34808406829115446,-0.7009583345462455,0.7156211608200905,0.7595538127755131,0.20791263960147244
1.1688699783911243,-0.05373798244675567,-0.6861792998591997,0.7314770838312679,0.7452031204586083,0.20791263960147244
1.1620898018901373,-0.110695009935709,-0.6533612053573247,0.7376563816134596,0.7595538127755131,0.20791263960147244
1.1689860307350706,-0.18624994870449976,-0.6821778512435717,0.7232810587314887,0.7595538127755131,0.20791263960147244
-0.3067265188798017,-1.1556498954320387,-0.7013567652261644,0.30050971989710235,-1.5057455511439466,-4.809712396114069
-0.3044945358679656,-1.1556498954320387,-0.7840196198709706,0.3003767071982295,-1.5295488106411712,0.20791263960147244
-0.2956512715700889,-1.1332300338259678,-0.7293599387062597,0.2708101104881711,-1.5359082937669315,0.20791263960147244
-0.3049599257516664,-1.1222908619591732,-0.8000793059805696,0.3056888696793352,-1.5440383311800872,0.20791263960147244
-0.3034788774031629,-0.9795170697713798,-0.7909708626511601,0.31409727866851506,-1.5488901730159466,0.20791263960147244
-0.3137843064018234,-1.0994299940702366,-0.7700255394847555,0.286896522194641,-1.5083511567396959,0.20791263960147244
-0.294290659225849,-1.1228902147220388,-0.7668620421418912,0.2961228651562343,-1.521819277871936,0.20791263960147244
-0.3026688945210485,-1.0581486681509622,-0.802875320044305,0.30345934532819896,-1.54529674650095,0.20791263960147244
-0.3012584205370656,-1.1399841670266306,-0.7572894582282592,0.33263263098963014,-1.5528812639295633,0.20791263960147244
-0.3100736159828645,-0.9512896260958497,-0.7841026134767631,0.3009019622569577,-1.5371258403705927,0.20791263960147244
-0.2886111217942476,-1.13783967166225,-0.718668099715444,0.27251451797242954,-1.5255436643335591,0.20791263960147244
-0.3050451765420571,-1.1556498954320387,-0.7632334737428588,0.26941578997006527,-1.5469570128748382,0.20791263960147244
-0.3206747228340369,-1.0913843875006306,-0.7814308215375146,0.296934202066353,-1.5439660017887749,0.20791263960147244
-0.30928518737933747,-1.1048543884006574,-0.8145995318008338,0.3088865909673064,-1.5331730253409854,0.20791263960147244
-0.2925499837008381,-1.1556498954320387,-0.7655235480517917,0.30736685981944967,-1.539785595557641,0.20791263960147244
-0.31177266188231734,-1.1556498954320387,-0.7807240070536455,0.3094027128233232,-1.5369920905172392,0.20791263960147244
-0.3027771193392585,-0.9908199449807618,-0.76527317794713,0.2972698436237664,-1.5574365447258434,0.20791263960147244
-0.3122920892182327,-1.1556498954320387,-0.8111972855875677,0.30201681597486935,-1.4875215530883032,0.20791263960147244
-0.3048958295314666,-1.1127490455567184,-0.7354869787759245,0.31222232141441214,-1.5263003489883993,0.20791263960147244
-0.30311036796618,-0.9915823160503514,-0.8122258143167181,0.28913918497600966,-1.5002710901335563,0.20791263960147244
-0.310293725606731,-1.1556498954320387,-0.8240952478756935,0.2844853770739354,-1.5156978904495888,0.20791263960147244
-0.3028134245794958,-1.1555357232019468,-0.781682589069193,0.31729950108407495,-1.5290855165143034,0.20791263960147244
-0.320360576216001,-1.0090376967602028,-0.8042906530857725,0.29784339134490523,-1.5183143905470904,0.20791263960147244
-0.9097198686067663,1.5101918395629115,0.9117310823882776,-0.40669209984172,0.21461568150837526,-4.809712396114069
-0.9164266249969102,1.4823592303342272,0.9358463354797867,-0.36401958188799083,0.18750168466856498,0.20791263960147244
-0.9227552693478497,1.463575258965198,0.831580062048904,-0.4078966772695326,0.17343007403605448,0.20791263960147244
-0.9040637730786788,1.6141419409238575,0.8573515265605224,-0.40038530162138936,0.1795066610674184,0.20791263960147244
-0.9202269631779104,1.3375063316402327,0.8997661237192873,-0.41491491911114126,0.1849340435952128,0.20791263960147244
-0.9163820024317159,1.5028923734927142,0.8984301610673149,-0.36354653033872053,0.1968823340558995,0.20791263960147244
-0.9129244209094134,1.5243621982921778,0.8976803136626961,-0.3831633750502086,0.17414101027746393,0.20791263960147244
-0.9119894990678844,1.4377340820110553,0.9021758622510093,-0.4035046014985441,0.15261812447347253,0.20791263960147244
-0.9173640029482792,1.5339265834024796,0.9061240271596431,-0.3780995827747643,0.14124581197076613,0.20791263960147244
-0.920006298731671,1.4194459397654235,0.8885433757099815,-0.3960475554820036,0.16883340596590926,0.20791263960147244
-0.9342258909267636,1.5390944272081992,0.8690974877291795,-0.3708291112778675,0.19024539821836836,0.20791263960147244
-0.9206414881374325,1.5327386652260506,0.900862356152181,-0.379389185804602,0.17449814286255502,0.20791263960147244
-0.9159653520198178,1.4668183736464444,0.9148908972872605,-0.374418729624632,0.1968096762590688,0.20791263960147244
-0.9203456107567767,1.617292150489794,0.8951403805265432,-0.40698479013518285,0.19395386707565432,0.20791263960147244
-0.9139213175612725,1.441453268873563,0.9106227863130805,-0.3752798691360823,0.20670630307206309,0.20791263960147244
-0.9029989946636118,1.5353017245689027,0.910635601121398,-0.41024629975882027,0.19886195019074432,0.20791263960147244
-0.9167826675771608,1.491289976931069,0.9360363490016477,-0.40750900717682836,0.21439913200078456,0.20791263960147244
-0.9242936246029686,1.6598560113495207,0.8994550853121291,-0.3838408389563069,0.1691341866352941,0.20791263960147244
-0.9121651077508893,1.5429251564874753,0.8571674276312478,-0.37824146111287876,0.20064765333336432,0.20791263960147244
-0.9096483960956951,1.7274207778202355,0.9503236239714725,-0.42302308137230654,0.18338944881923058,0.20791263960147244
-0.9101769294940687,1.5762594751423886,0.8902999692646144,-0.384011437483737,0.17567122698818613,0.20791263960147244
-0.9268321005356472,1.5097426998273469,0.912251171143618,-0.3920012746450643,0.14603157608872103,0.20791263960147244
-0.904251223809315,1.5520740144337841,0.9064184623222501,-0.3864718609418241,0.15225838691751822,0.20791263960147244
-0.12258473747345167,0.6945305365894633,0.36180827705509977,-0.10282220273429064,-1.713708407563217,-4.809712396114069
-0.1412481272065253,0.6000370525499134,0.3965502903773764,-0.10180744656848634,-1.7340056483411808,0.20791263960147244
-0.12777898581734062,0.7883593184898019,0.35356236857376083,-0.11596384767757453,-1.728298412679522,0.20791263960147244
-0.13241986384413396,0.5089804063790306,0.3134815421528365,-0.08947324090339294,-1.7402601712927088,0.20791263960147244
-0.135245441645305,0.6047740829010524,0.385573717430545,-0.1093836387080018,-1.7415270889897179,0.20791263960147244
-0.12361594662158781,0.6149565489666677,0.3261572932475518,-0.0939321738864175,-1.7264925589659397,0.20791263960147244
-0.13088178979451265,0.41921624743398306,0.3554558336232667,-0.13252182973670104,-1.7118178807663145,0.20791263960147244
-0.12960665020123255,0.6259757352176916,0.3029388209650368,-0.13025181583954926,-1.7169909123711902,0.20791263960147244
-0.13430171775944133,0.6559494107793815,0.329922810936441,-0.1091878588293795,-1.7351741897842288,0.20791263960147244
-0.13504312707953936,0.5816852067758664,0.33562165383096326,-0.10251729272662262,-1.7426574725142807,0.20791263960147244
-0.13884136397416003,0.6657293718855545,0.3503094258456134,-0.1510603270637887,-1.7369233188752238,0.20791263960147244
-0.13228069190173294,0.6442395301900401,0.3442575937317232,-0.11206892719564655,-1.7221060730792859,0.20791263960147244
-0.13905453758661399,0.4998474381847271,0.42606615083554344,-0.11570352893497203,-1.7405504653517476,0.20791263960147244
-0.12130160812965042,0.9448432813458421,0.36201709253266356,-0.11782552371198661,-1.7270832270607201,0.20791263960147244
-0.13425316055629474,0.5084430460151645,0.3556527866137862,-0.11343982936470555,-1.7408401234566138,0.20791263960147244
-0.1256289570925229,0.7202725647029895,0.35072464027014866,-0.12562611360208087,-1.7228253404577807,0.20791263960147244
-0.1273876126269228,0.5411883504671269,0.36130864581560895,-0.11083279176993104,-1.732805389883737,0.20791263960147244
-0.1318175137886734,0.7140586306747216,0.39607185344582363,-0.1080110766463648,-1.7273974937721353,0.20791263960147244
-0.11679814282263458,0.5358218843487713,0.3212274294360869,-0.13092084094053386,-1.7190296449943958,0.20791263960147244
-0.13545176275954585,0.6144324500887238,0.3969148990325093,-0.0992297105788221,-1.7126751558071553,0.20791263960147244
-0.13146257278968976,0.8709086032383841,0.32683130878602673,-0.07640441824212593,-1.7265172320055733,0.20791263960147244
-0.11453227718333778,0.7049180975483867,0.35843346048117414,-0.13101067671523153,-1.7248586518373354,0.20791263960147244
-0.13905243953423335,0.5379562409103444,0.31768933272532485,-0.1549434679243555,-1.7476200068927619,0.20791263960147244
1.1272716039042734,-0.6019907762087884,-0.8757542448168303,1.312032916211216,0.7595538127755131,-4.809712396114069
1.1374384282516476,-0.5279694689550426,-0.8374470161735411,1.282688553330079,0.7595538127755131,0.20791263960147244
1.123826952369169,-0.6111154406707938,-0.770117248008055,1.288024711699469,0.7595538127755131,0.20791263960147244
1.113068967466524,-0.5774703717280626,-0.8451594644111118,1.350591909247915,0.7595538127755131,0.20791263960147244
1.134339137531767,-0.5559634715919728,-0.7530452959919002,1.293103520802125,0.7595538127755131,0.20791263960147244
1.1348053467993182,-0.7329149701405675,-0.8169005282538426,1.2929081196498353,0.7316760717619671,0.20791263960147244
1.1376413888547667,-0.8354279040004378,-0.8038557617577314,1.3247307746901018,0.7496494089802402,0.20791263960147244
1.1316088200915488,-0.6897652132221447,-0.8084117947804663,1.3001451022928232,0.7494629907380469,0.20791263960147244
1.1236142347013303,-0.7247642689765496,-0.8398526995482954,1.276870577671781,0.7595538127755131,0.20791263960147244
1.123511648329168,-0.5853003128126054,-0.8242556527428443,1.3115200212959914,0.7595538127755131,0.20791263960147244
1.1317095559430714,-0.5337957450067663,-0.828517078612322,1.3135131477042914,0.7584118924989974,0.20791263960147244
1.1329090053604685,-0.7383186025261435,-0.8209218410363284,1.3028424673364563,0.7595538127755131,0.20791263960147244
1.1345176821516778,-0.671494588864127,-0.8193807869640373,1.313907848207908,0.751974605770239,0.20791263960147244
1.141854813642451,-0.6202795463296117,-0.8356377579558232,1.329998239606806,0.7595538127755131,0.20791263960147244
1.137401144371011,-0.6205346439672254,-0.8346491204715517,1.3207769922859351,0.7595538127755131,0.20791263960147244
1.1264839119514525,-0.5047158334811775,-0.8311262312959292,1.2963365007978032,0.7595538127755131,0.20791263960147244
1.1329864229303193,-0.6566200201619258,-0.7944854934753256,1.3039714456722231,0.7595538127755131,0.20791263960147244
1.1205266265117473,-0.6578731026001337,-0.8639062465131944,1.3094373177437229,0.75359997603852,0.20791263960147244
1.1270597790903882,-0.5866787684917815,-0.78949596818396,1.3233118505902108,0.7595538127755131,0.20791263960147244
1.1373825618940803,-0.5686431098133882,-0.77877801620034,1.2845519787873991,0.7595538127755131,0.20791263960147244
1.1185187860360553,-0.405770033303375,-0.8546299714744932,1.321383469947224,0.7480703528279179,0.20791263960147244
1.1284985163178571,-0.659750846074092,-0.7849605445954764,1.319843235160024,0.7361711939312836,0.20791263960147244
1.1387054302459951,-0.6805013090920661,-0.7845351414995613,1.323233967022469,0.7595538127755131,0.20791263960147244
1.4785103212573194,-0.7348269414011681,-0.5939484976509157,0.8552152977555442,0.40651619711877457,-4.809712396114069
1.476662120057902,-0.722234326492498,-0.6003253055963256,0.8611082445110704,0.35907862243328914,0.20791263960147244
1.491630063846175,-0.7169180002832203,-0.5992078833336824,0.857456449248996,0.3513094263924501,0.20791263960147244
1.465130911225024,-0.516592196645745,-0.5990969443104336,0.8734910563173313,0.4002424287598864,0.20791263960147244
1.4691734490247816,-0.7963424688716139,-0.6028715160066198,0.8912363886477304,0.37970816878762653,0.20791263960147244
1.474489560741904,-0.46616003893307595,-0.6374587928880359,0.8473154218823461,0.3940596920870291,0.20791263960147244
1.4718225722744516,-0.678117428388483,-0.6247647450360297,0.8647561972642475,0.3866395486936286,0.20791263960147244
1.4694872477363727,-0.7559953728400994,-0.6424289027127067,0.8799234280333775,0.3650608177190109,0.20791263960147244
1.468677399534772,-0.9817742517309765,-0.6197011061286767,0.8589159124150983,0.3892784651478979,0.20791263960147244
1.4814325247140734,-0.8795448822297866,-0.5850332047602991,0.887684579079739,0.4132241592559748,0.20791263960147244
1.475151128153049,-0.4819844653832879,-0.590444077420534,0.8742915926570463,0.38220701826569503,0.20791263960147244
1.4693666215573606,-0.5397841223534422,-0.6392339084860198,0.8753943092399876,0.38702669873463275,0.20791263960147244
1.4766544002036592,-0.7224405331452627,-0.618681372943597,0.8741256880638285,0.3538737681793282,0.20791263960147244
1.4755443125344243,-0.5479140842999458,-0.6117519336685847,0.8496902856908052,0.3370637049585103,0.20791263960147244
1.4695282286950135,-0.6146870393319199,-0.5890040306098852,0.8526503844990518,0.3839199229607157,0.20791263960147244
1.4766904584185627,-0.6053737110954563,-0.5994211326637863,0.8763072766202531,0.39359545395782075,0.20791263960147244
1.4610566341206845,-0.5850244833602948,-0.6153037982511947,0.8757032633664331,0.37750516502497883,0.20791263960147244
1.461545217761359,-0.664421346153055,-0.5898623795007407,0.8574787603101488,0.3849080267103315,0.20791263960147244
1.4803883390225099,-0.7291883323798568,-0.6145910841705791,0.8388883014855459,0.395570841829538,0.20791263960147244
1.4724965120417477,-0.6133609256367869,-0.5550324342071276,0.8476584257890549,0.3706602719254925,0.20791263960147244
1.4734084106059369,-0.5477572081843601,-0.5526079190439328,0.8607697937566291,0.4032325367630383,0.20791263960147244
1.467891258839249,-0.6643614777019866,-0.5973573176772281,0.835057688960884,0.3823049519872141,0.20791263960147244
1.4746860044645007,-0.6991270129539029,-0.6089675155883597,0.8849283529827231,0.3718376298681445,0.20791263960147244
-0.7964347271117583,0.6025310770906465,-0.577963043366445,-0.5125388976022428,0.18530642820335602,-4.809712396114069
-0.8042963667721317,0.6514134628230168,-0.602763681642733,-0.479670213972438,0.17462828995887203,0.20791263960147244
-0.7961025794130486,0.45178240259213326,-0.551611469026052,-0.48058423545880147,0.19217919865760114,0.20791263960147244
-0.7940987428577129,0.4561535481778716,-0.5671313940215369,-0.5340042004924402,0.18044637343506706,0.20791263960147244
-0.8001961105438357,0.5081737603227736,-0.6011960863954884,-0.5063272199360388,0.1770293889591759,0.20791263960147244
-0.7928639405615302,0.45608871357647424,-0.5366076236193257,-0.4892982897353799,0.15734895290017803,0.20791263960147244
-0.803146816911864,0.43421159213455035,-0.6524228358096203,-0.5081284524947867,0.15539130703236018,0.20791263960147244
-0.8018763966066231,0.4333127400937165,-0.6070420442302099,-0.5165705038791985,0.18148176835946705,0.20791263960147244
-0.7966365692819876,0.4698966602244501,-0.630917318679327,-0.5084341527699616,0.21023843097526793,0.20791263960147244
-0.7988720264719587,0.5102326874092902,-0.5805378543011978,-0.5028539926172464,0.16831336552268183,0.20791263960147244
-0.7979778166528392,0.4698125291092225,-0.5958066197847115,-0.5037156267842078,0.18582516711342595,0.20791263960147244
-0.800206219031783,0.538551462526981,-0.5114914798352261,-0.4969315297655968,0.22588323885526881,0.20791263960147244
-0.7933355387301002,0.5502416770845854,-0.6149105229745959,-0.5025958064987675,0.21931482122793328,0.20791263960147244
-0.7805424183599086,0.5911023445538119,-0.6167022937097988,-0.5234497183916229,0.1876438676484255,0.20791263960147244
-0.7876141273369716,0.5507758778500363,-0.5960243072355369,-0.492928149562273,0.18509047902799344,0.20791263960147244
-0.7799762613982634,0.4633090906304416,-0.596728665616882,-0.48778689989724,0.196615018986413,0.20791263960147244
-0.8047964641866123,0.4998605347083795,-0.6312525077209457,-0.5037771699301947,0.16712005662759605,0.20791263960147244
-0.7936823518158362,0.49718534550925986,-0.6024734812150901,-0.5032583148988116,0.1955121288447361,0.20791263960147244
-0.7911527563653905,0.47995824501489726,-0.599962901180423,-0.5031998829071251,0.20056920837636297,0.20791263960147244
-0.7976863343046304,0.6110997981136289,-0.6228932132517334,-0.5443708832022809,0.1771682490737044,0.20791263960147244
-0.8026160661047667,0.5411272536537071,-0.5778288649670741,-0.5291719209357345,0.13908754541216697,0.20791263960147244
-0.797661920299756,0.6917737639642694,-0.5355365168031245,-0.5160670946865789,0.15029498166612565,0.20791263960147244
-0.8012149733600434,0.464953628716278,-0.5957217882339146,-0.5380564720014797,0.1769718966304096,0.20791263960147244
-1.0837640352954854,-1.0157476438065993,-0.01994421949042401,-0.1557036125724728,-2.5063473010746917,-4.809712396114069
-1.0666403449338069,-0.9344574595718902,-0.03773708293929021,-0.15888285935307386,-2.49263995636449,0.20791263960147244
-1.0754323854879326,-0.869766857931102,0.000340946230487946,-0.15088208028738087,-2.488698972095086,0.20791263960147244
-1.0665578817055847,-0.9151733198388882,-0.052852379078755035,-0.1521000825181419,-2.47250209587884,0.20791263960147244
-1.0881703695904033,-0.886486591641997,-0.05650053982774211,-0.16781291467168002,-2.4781937368712317,0.20791263960147244
-1.0702189775543884,-0.997443033228972,-0.06579018974368955,-0.13430377108882124,-2.4696834061660358,0.20791263960147244
-1.0691777194594465,-0.9416492173587206,-0.03207733375297423,-0.13883861484517496,-2.4467986511411235,0.20791263960147244
-1.0742554819954886,-1.0099372283702217,-0.054591663566449886,-0.12929367417136367,-2.4887724786376335,0.20791263960147244
-1.0860194706959008,-1.072047458719311,-0.058269886892294,-0.1365208233209955,-2.4509666207067524,0.20791263960147244
-1.0762162900257526,-0.7909637228811591,-0.013614289083359151,-0.17030628362758488,-2.4998861628816766,0.20791263960147244
-1.0837776009877969,-0.7477158870521899,0.05830440468994532,-0.17370419226998304,-2.4745801073889298,0.20791263960147244
-1.0758346678904467,-0.8014953962391788,-0.04146754894424892,-0.16180110891716282,-2.4993552357668958,0.20791263960147244
-1.0785273675832479,-0.7965387049040565,0.007284972691501468,-0.12818602053738562,-2.49092819808791,0.20791263960147244
-1.0738262622486086,-0.8982627442246803,-0.04646782372560356,-0.17411764523166262,-2.5130388073815437,0.20791263960147244
-1.0546563304816117,-0.884104793591357,-0.024712902246165385,-0.1560211302504991,-2.505969727346913,0.20791263960147244
-1.0789312527055432,-0.8484696371265528,-0.02386427073400831,-0.16090787952675767,-2.4720495458613043,0.20791263960147244
-1.0733227603887605,-0.9057307369550891,-0.023722326988214845,-0.15900949602200898,-2.505522865997401,0.20791263960147244
-1.07161866445226,-0.8386626982498723,-0.027773961049180267,-0.1312884762718151,-2.461990416868782,0.20791263960147244
-1.08163835248058,-0.9533576940250444,-0.0217466109895207,-0.15828388893305176,-2.46752827633029,0.20791263960147244
-1.0737683665672524,-0.8769872785313005,-0.06697166767293367,-0.14329591868374375,-2.4998078482667445,0.20791263960147244
-1.0733466339821984,-1.0919660396798907,0.022674084053014798,-0.1318800205751921,-2.4851532142377826,0.20791263960147244
-1.061466328740136,-0.8807908084754499,-0.06041323201570059,-0.14216835303705752,-2.494940138597816,0.20791263960147244
-1.0744854811366742,-1.0088805985141613,-0.0007884427750141253,-0.1508863704181606,-2.5032040393478505,0.20791263960147244
-2.2839796639570076,0.7313779807840979,2.348253485265137,-1.551452412720598,0.09055454187300668,0.20791263960147244
-0.287791868817724,-0.5623453468395673,-0.7414049851452272,2.1298848945595985,0.6585462515922393,0.20791263960147244
-1.9806848429448611,0.12618681227464118,1.9283713007212375,-1.8479400517382563,-0.14805918262977075,0.20791263960147244
-1.788760286216549,-0.9923189441859657,-0.0006254926496293096,-0.07515900378648804,-2.6067397538545767,0.20791263960147244
0.28637616066220967,-0.2322811960243968,0.7246958402637547,-0.8492661547731327,0.015417839117673958,0.20791263960147244
0.6851470008653968,-0.5767753648426246,-0.3465608346921835,1.2339386188153163,0.40417077155880227,0.20791263960147244
1.3970843947391012,-0.5807850207351447,-0.710530510873271,1.2798162542380052,0.12821374074335046,0.20791263960147244
-0.5784080905467868,-0.9372196003371728,0.16521649771481844,-0.08470427190290661,-2.690765585843026,0.20791263960147244
-1.987812341313115,-0.1462408154409384,1.6381061872349065,-2.2121266355596036,-0.1611431770445913,0.20791263960147244
-1.34282803869655,-0.41073005924110734,0.7013449694553143,-0.9881358081121829,0.43161293126636846,0.20791263960147244
-0.6041674238663818,-0.26420506039002495,-0.748619508508793,-0.7978087143959457,-2.382597311790355,0.20791263960147244
-0.18134668761887465,0.9039614959664992,-1.3177359977173293,-0.04534928156160477,0.5149622720580903,0.20791263960147244
1.3587535158610957,-0.6685061983633385,0.35820698835933007,0.904120585162657,0.28351976610310425,0.20791263960147244
-0.5315760116240758,0.17830903129525108,0.891785613304983,-1.0647015592246956,0.2333017786442409,0.20791263960147244
-0.8789946550323492,0.666557122806341,0.5840022853311668,-0.7789664360779754,-1.8453341876585756,0.20791263960147244
1.0772489140016661,-0.4115546549198279,-0.9350899065278888,0.217195900409741,0.8105422285164748,0.20791263960147244
-0.1316143233480019,-0.3377040467479503,0.7934985614610918,0.1278631821818542,0.3199300864402809,0.20791263960147244
2.5758572421305153,-0.7081911387556769,-0.8084847012610467,0.9478410023196518,0.542600030646373,0.20791263960147244
-0.7310078871668876,-0.9768439611563624,-0.31777489215900245,0.4131227855104227,-1.5525874666832158,0.20791263960147244
0.5799958161880479,0.7774515898048671,-1.7666432082135366,0.6586680557920651,0.5880392428482164,0.20791263960147244
-0.24905441202018122,0.9166796773886717,-0.6952560447619761,-0.6293380602334748,0.20809778603836007,0.20791263960147244
2.8732605727626166,1.6186033247120581,-1.0603644715476026,0.5570924812426157,0.5387604071405627,0.20791263960147244
0.18416429941774573,-0.4938368696013031,-0.34769042254015536,1.4847205744686087,0.6053498710187768,0.20791263960147244
1.4031194928202604,-0.583953019687822,-0.652739391376068,0.6120270977233572,0.6827386441205863,0.20791263960147244
-0.9530010711617924,-0.4679058940711134,1.4273524126522121,-0.797998726389991,0.20890530259802678,0.20791263960147244
0.04233910530473078,1.1276462129920708,-1.4526431090798138,1.3618366185629,0.5625146649515447,0.20791263960147244
0.7534770527740303,0.8500255147556626,1.4356292354834757,-0.05385895514120231,0.10669225544268648,0.20791263960147244
-0.6104603497486163,-0.02550429657812587,0.12458414680943196,-1.645550454166596,0.4325181253521274,0.20791263960147244
-1.44955189838268,3.21732450761237,0.7581421929310401,-0.8789706627720518,0.3240828231204201,0.20791263960147244
0.5256288274875199,-0.6985894357363965,-0.5561133315792197,1.9482610417383575,0.775645941007683,0.20791263960147244
1.851714977331005,-0.42938620226786206,-0.3466385784973147,1.2599522119411823,0.686901941569371,0.20791263960147244
0.7749793547097998,-0.16400020118469397,-0.9809713786518117,0.26937178845638077,1.0163070302780202,0.20791263960147244
0.35530998196389535,0.782387555756094,0.7303458141945613,0.3594206089734535,0.40493839552559985,0.20791263960147244
-1.040753822006464,0.4548080437365775,2.385616948140609,-1.6647917383796345,0.24071139683500736,0.20791263960147244
